基準点コード,等級種別,冠字,選点番号,基準点名,ワンストップ可否,登録年月日,成果区分,北緯,東経,標高,楕円体高,標高区分,平面直角座標系,X,Y,現況状態,現況年月日,都道府県名,自治体名
TR14831637701,一等三角点,桑,９,速日岳,○,20250401,世界測地系（測地成果2024）,323338.3297,1312747.5465,867.96,,,2,-48624.975,43497.339,正常,20010724,宮崎県,延岡市
TR14931048101,一等三角点,館,２,祝子川山,○,20250401,世界測地系（測地成果2024）,324415.7722,1313047.1683,1643.27,,,2,-28968.665,48087.894,正常,20100508,宮崎県,延岡市
TR14931064003,一等三角点,館,３,鏡山,○,20250401,世界測地系（測地成果2024）,324202.3810,1314526.9176,645.28,,,2,-32940.235,71020.507,正常,20060324,宮崎県,延岡市
TR24831645501,二等三角点,知,７,烏帽子岳,○,20250401,世界測地系（測地成果2024）,323238.5488,1313353.6529,362.15,,,2,-50420.241,53056.979,報告なし,19900914,宮崎県,延岡市
TR24831657301,二等三角点,知,３,愛宕山,○,20250401,世界測地系（測地成果2024）,323330.7396,1313951.7913,251.25,,,2,-48758.716,62390.763,正常,20050714,宮崎県,延岡市
TR24831744001,二等三角点,奴,２８,横尾,○,20250401,世界測地系（測地成果2024）,323701.0120,1313013.1729,630.84,,,2,-42364.666,47266.431,正常,20090701,宮崎県,延岡市
TR24831745501,二等三角点,奴,２５,行騰山,○,20250401,世界測地系（測地成果2024）,323733.3673,1313420.1774,829.89,,,2,-41335.453,53700.150,報告なし,19910110,宮崎県,延岡市
TR24831755701,二等三角点,奴,１８,川島,○,20250401,世界測地系（測地成果2024）,323742.5849,1314323.6048,290.10,,,2,-40965.179,67863.366,報告なし,19941031,宮崎県,延岡市
TR24831758201,二等三角点,奴,１６,可愛山,○,20250401,世界測地系（測地成果2024）,323922.0710,1313921.6533,727.73,,,2,-37941.659,61537.814,報告なし,19910110,宮崎県,延岡市
TR24831769501,二等三角点,奴,１９,島野浦,○,20250401,世界測地系（測地成果2024）,323954.7166,1314917.0427,185.27,,,2,-36828.125,77044.551,正常,20040609,宮崎県,延岡市
TR24931048701,二等三角点,奴,１７,黒原峠,○,20250401,世界測地系（測地成果2024）,324403.0271,1313556.9344,880.80,,,2,-29318.922,56154.463,報告なし,20011220,宮崎県,延岡市
TR24931054501,二等三角点,奴,１５,伊良原,○,20250401,世界測地系（測地成果2024）,324229.5432,1314127.0113,429.43,,,2,-32146.219,64766.744,報告なし,19910110,宮崎県,延岡市
TR24931150901,二等三角点,奴,１４,寺尾山,○,20250401,世界測地系（測地成果2024）,324513.1788,1314429.1085,510.12,,,2,-27073.645,69473.757,報告なし,19980830,宮崎県,延岡市
TR24931159901,二等三角点,奴,１２,中之嶺,○,20250401,世界測地系（測地成果2024）,324959.0932,1314440.2443,548.53,,,2,-18264.368,69701.629,正常,20181215,宮崎県,延岡市
TR34831637501,三等三角点,礼,４５,武田ノ内,○,20250401,世界測地系（測地成果2024）,323333.0372,1312631.5926,877.48,,,2,-48796.418,41516.770,正常,20060618,宮崎県,延岡市
TR34831639701,三等三角点,礼,４６,速日,○,20250401,世界測地系（測地成果2024）,323459.3594,1312822.6074,653.21,,,2,-46125.073,44400.807,正常,20040630,宮崎県,延岡市
TR34831642901,三等三角点,礼,６０,黒原,○,20250401,世界測地系（測地成果2024）,323103.2476,1313709.6605,351.68,,,2,-53327.293,58187.864,報告なし,19730802,宮崎県,延岡市
TR34831644901,三等三角点,礼,５４,大谷,○,20250401,世界測地系（測地成果2024）,323220.3864,1313718.9357,350.45,,,2,-50949.842,58416.056,報告なし,00000000,宮崎県,延岡市
TR34831646101,三等三角点,礼,４７,古畑,○,20250401,世界測地系（測地成果2024）,323303.5673,1313046.9141,267.56,,,2,-49674.275,48181.287,報告なし,19820628,宮崎県,延岡市
TR34831646801,三等三角点,礼,５７,高取山,○,20250401,世界測地系（測地成果2024）,323328.8424,1313601.7473,264.86,,,2,-48852.802,56390.212,報告なし,00000000,宮崎県,延岡市
TR34831648101,三等三角点,礼,４８,広篠,○,20250401,世界測地系（測地成果2024）,323424.6453,1313108.3258,191.97,,,2,-47174.196,48727.695,正常,20061021,宮崎県,延岡市
TR34831648401,三等三角点,礼,３９,黒仁田,○,20250401,世界測地系（測地成果2024）,323408.1621,1313316.6767,110.17,,,2,-47665.029,52077.896,正常,20091106,宮崎県,延岡市
TR34831648701,三等三角点,礼,４０,赤水越,○,20250401,世界測地系（測地成果2024）,323424.8138,1313524.5137,102.64,,,2,-47134.187,55409.382,正常,20091106,宮崎県,延岡市
TR34831651301,三等三角点,礼,８,畑ケ田,○,20250401,世界測地系（測地成果2024）,323056.6630,1313949.8986,220.26,,,2,-53504.939,62370.966,正常,20050930,宮崎県,延岡市
TR34831651601,三等三角点,礼,３７,赤水,○,20250401,世界測地系（測地成果2024）,323032.6153,1314220.1070,222.98,,,2,-54220.481,66296.053,正常,20050930,宮崎県,延岡市
TR34831654101,三等三角点,礼,５８,阿部ケ内,○,20250401,世界測地系（測地成果2024）,323222.4009,1313846.2261,162.06,,,2,-50874.234,60693.213,正常,20091106,宮崎県,延岡市
TR34831654401,三等三角点,礼,３５,港山,○,20250401,世界測地系（測地成果2024）,323210.2867,1314037.9099,51.30,,,2,-51229.276,63609.567,正常,20081105,宮崎県,延岡市
TR34831658501,三等三角点,礼,５９,浜ノ輪,○,20250401,世界測地系（測地成果2024）,323421.5239,1314134.9093,2.67,,,2,-47177.282,65070.505,正常,20050928,宮崎県,延岡市
TR34831659001,三等三角点,礼,４１,井ノ迫,○,20250401,世界測地系（測地成果2024）,323438.6643,1313759.5100,16.89,,,2,-46684.324,59449.366,正常,20080116,宮崎県,延岡市
TR34831659301,三等三角点,礼,４２,城山,○,20250401,世界測地系（測地成果2024）,323449.6386,1313946.6770,53.40,,,2,-46329.262,62242.215,正常,20050929,宮崎県,延岡市
TR34831731501,三等三角点,玄,３６,滝下,○,20250401,世界測地系（測地成果2024）,323547.2355,1312658.5578,518.00,,,2,-44659.892,42202.699,正常,20040630,宮崎県,延岡市
TR34831735701,三等三角点,玄,３１,日平山,○,20250401,世界測地系（測地成果2024）,323733.3428,1312819.0894,548.15,,,2,-41382.451,44288.009,正常,20100826,宮崎県,延岡市
TR34831737901,三等三角点,玄,３５,犬返山,○,20250401,世界測地系（測地成果2024）,323848.4833,1312940.6380,859.90,,,2,-39058.277,46402.880,正常,20081016,宮崎県,延岡市
TR34831738601,三等三角点,玄,３２,稗ノ山,○,20250401,世界測地系（測地成果2024）,323907.8764,1312743.6895,918.00,,,2,-38474.650,43352.610,正常,20081016,宮崎県,延岡市
TR34831741401,三等三角点,加,３９,霧子山,○,20250401,世界測地系（測地成果2024）,323532.9553,1313306.5306,460.52,,,2,-45054.583,51799.714,報告なし,19900910,宮崎県,延岡市
TR34831742801,三等三角点,加,１４,高鳥,○,20250401,世界測地系（測地成果2024）,323600.6107,1313627.1350,386.12,,,2,-44174.221,57025.780,報告なし,00000000,宮崎県,延岡市
TR34831744201,三等三角点,加,３８,屋形原,○,20250401,世界測地系（測地成果2024）,323710.9284,1313145.7341,399.72,,,2,-42047.492,49677.856,正常,20081016,宮崎県,延岡市
TR34831745901,三等三角点,加,２５,小野,○,20250401,世界測地系（測地成果2024）,323733.4279,1313657.1273,248.57,,,2,-41310.715,57791.227,報告なし,00000000,宮崎県,延岡市
TR34831746201,三等三角点,加,３６,四倉,○,20250401,世界測地系（測地成果2024）,323826.9003,1313214.3132,527.74,,,2,-39703.632,50411.019,正常,20081016,宮崎県,延岡市
TR34831748601,三等三角点,加,３５,猪ノ内,○,20250401,世界測地系（測地成果2024）,323902.7225,1313458.3838,656.76,,,2,-38577.667,54680.942,報告なし,00000000,宮崎県,延岡市
TR34831748801,三等三角点,加,２７,小爪石,○,20250401,世界測地系（測地成果2024）,323920.1897,1313603.6887,599.23,,,2,-38030.144,56379.677,報告なし,00000000,宮崎県,延岡市
TR34831751701,三等三角点,加,６,東海山,○,20250401,世界測地系（測地成果2024）,323537.1768,1314326.4706,258.48,,,2,-44827.596,67964.374,報告なし,00000000,宮崎県,延岡市
TR34831753101,三等三角点,加,１,尾久保,○,20250401,世界測地系（測地成果2024）,323650.5495,1313853.2747,321.19,,,2,-42613.479,60826.810,正常,20050228,宮崎県,延岡市
TR34831753401,三等三角点,加,５,妙見山,○,20250401,世界測地系（測地成果2024）,323648.9219,1314109.2267,91.77,,,2,-42641.373,64371.376,正常,20071221,宮崎県,延岡市
TR34831756401,三等三角点,加,７,小橋山,○,20250401,世界測地系（測地成果2024）,323826.6452,1314031.6513,297.66,,,2,-39637.497,63372.652,正常,20091106,宮崎県,延岡市
TR34831757001,三等三角点,加,２６,葛ヶ内,○,20250401,世界測地系（測地成果2024）,323841.6447,1313751.9813,465.88,,,2,-39201.064,59208.582,報告なし,00000000,宮崎県,延岡市
TR34831758801,三等三角点,加,８,野鶴,○,20250401,世界測地系（測地成果2024）,323911.1664,1314342.9114,194.15,,,2,-38233.166,68347.892,正常,20031031,宮崎県,延岡市
TR34831759601,三等三角点,加,１１,上迫,○,20250401,世界測地系（測地成果2024）,323952.2759,1314216.4728,75.22,,,2,-36982.070,66087.020,正常,20030613,宮崎県,延岡市
TR34831766101,三等三角点,水,１７,鉱山,○,20250401,世界測地系（測地成果2024）,323821.1128,1314619.0857,167.24,,,2,-39746.219,72428.793,報告なし,00000000,宮崎県,延岡市
TR34831769301,三等三角点,水,１６,外浜,○,20250401,世界測地系（測地成果2024）,323955.0310,1314717.1696,157.80,,,2,-36842.119,73921.150,報告なし,00000000,宮崎県,延岡市
TR34931032701,三等三角点,玄,４１,天塔野,○,20250401,世界測地系（測地成果2024）,324104.6123,1312819.8631,1191.45,,,2,-34874.743,44279.239,正常,20031031,宮崎県,延岡市
TR34931032901,三等三角点,玄,３４,中ノ薮,○,20250401,世界測地系（測地成果2024）,324118.9029,1312941.2274,1420.28,,,2,-34424.896,46396.643,報告なし,00000000,宮崎県,延岡市
TR34931037901,三等三角点,玄,３３,地蔵岳,○,20250401,世界測地系（測地成果2024）,324331.2077,1312939.6549,1388.04,,,2,-30349.736,46336.682,正常,20031031,宮崎県,延岡市
TR34931040001,三等三角点,加,３７,杉ノ内,○,20250401,世界測地系（測地成果2024）,324019.8426,1313009.1329,1052.53,,,2,-36240.693,47132.137,報告なし,00000000,宮崎県,延岡市
TR34931040201,三等三角点,加,３３,黒岩,○,20250401,世界測地系（測地成果2024）,324021.6976,1313145.0810,1070.33,,,2,-36171.404,49631.553,報告なし,00000000,宮崎県,延岡市
TR34931041501,三等三角点,加,３４,吉ノ尻,○,20250401,世界測地系（測地成果2024）,324035.3132,1313356.3412,1026.52,,,2,-35734.368,53048.980,報告なし,00000000,宮崎県,延岡市
TR34931042101,三等三角点,加,４５,国見山,○,20250401,世界測地系（測地成果2024）,324120.8765,1313119.6091,1391.46,,,2,-34351.822,48958.976,報告なし,19901020,宮崎県,延岡市
TR34931042701,三等三角点,加,２４,宮ケ谷,○,20250401,世界測地系（測地成果2024）,324120.0534,1313542.6467,793.37,,,2,-34341.095,55810.668,正常,20031031,宮崎県,延岡市
TR34931043401,三等三角点,加,１８,檜山,○,20250401,世界測地系（測地成果2024）,324139.4730,1313328.1690,1244.82,,,2,-33761.953,52304.662,報告なし,00000000,宮崎県,延岡市
TR34931044201,三等三角点,加,３１,鬼目,○,20250401,世界測地系（測地成果2024）,324209.2673,1313142.4315,1490.97,,,2,-32858.308,49546.022,正常,20031031,宮崎県,延岡市
TR34931046601,三等三角点,加,３２,下祝子,○,20250401,世界測地系（測地成果2024）,324313.7751,1313445.6022,534.04,,,2,-30846.360,54305.640,正常,20031031,宮崎県,延岡市
TR34931048301,三等三角点,加,３０,大野原,○,20250401,世界測地系（測地成果2024）,324407.1404,1313254.6066,648.38,,,2,-29217.928,51406.951,報告なし,00000000,宮崎県,延岡市
TR34931051001,三等三角点,加,１７,和久塚,○,20250401,世界測地系（測地成果2024）,324044.1835,1313744.5709,583.89,,,2,-35427.668,58993.096,報告なし,00000000,宮崎県,延岡市
TR34931051902,三等三角点,加,９,松内,○,20250401,世界測地系（測地成果2024）,324037.0230,1314459.6126,266.20,,,2,-35574.596,70327.938,正常,20031031,宮崎県,延岡市
TR34931052201,三等三角点,加,１３,青須田,○,20250401,世界測地系（測地成果2024）,324112.2140,1313902.4392,578.45,,,2,-34552.013,61016.341,報告なし,19850624,宮崎県,延岡市
TR34931052401,三等三角点,加,１０,曾立山,○,20250401,世界測地系（測地成果2024）,324107.2463,1314100.9760,399.66,,,2,-34685.616,64105.059,正常,20031125,宮崎県,延岡市
TR34931052701,三等三角点,加,２,西ノ内,○,20250401,世界測地系（測地成果2024）,324125.2438,1314316.4533,323.43,,,2,-34107.870,67630.364,報告なし,19941031,宮崎県,延岡市
TR34931054001,三等三角点,加,２３,椎葉,○,20250401,世界測地系（測地成果2024）,324225.8992,1313734.4089,570.33,,,2,-32296.088,58709.869,報告なし,19850624,宮崎県,延岡市
TR34931056101,三等三角点,加,３,八戸,○,20250401,世界測地系（測地成果2024）,324321.7875,1313851.3647,372.88,,,2,-30562.515,60703.490,正常,20031031,宮崎県,延岡市
TR34931056901,三等三角点,加,４０,多良田,○,20250401,世界測地系（測地成果2024）,324311.9634,1314421.3906,425.81,,,2,-30808.907,69298.920,報告なし,19980830,宮崎県,延岡市
TR34931058401,三等三角点,加,１２,玄在,○,20250401,世界測地系（測地成果2024）,324415.9793,1314043.8526,520.20,,,2,-28874.901,63621.783,正常,20031031,宮崎県,延岡市
TR34931058601,三等三角点,加,４２,葛葉,○,20250401,世界測地系（測地成果2024）,324402.2819,1314209.9661,446.20,,,2,-29282.208,65866.455,報告なし,19850622,宮崎県,延岡市
TR34931061701,三等三角点,水,３１,高島,○,20250401,世界測地系（測地成果2024）,324053.5228,1315042.6311,77.13,,,2,-34999.181,79260.163,報告なし,00000000,宮崎県,延岡市
TR34931062301,三等三角点,水,３７,阿蘇,○,20250401,世界測地系（測地成果2024）,324101.8828,1314742.5776,183.44,,,2,-34777.922,74567.732,報告なし,00000000,宮崎県,延岡市
TR34931064301,三等三角点,水,１５,森,○,20250401,世界測地系（測地成果2024）,324219.6126,1314753.4470,467.53,,,2,-32381.449,74832.860,報告なし,19990827,宮崎県,延岡市
TR34931064701,三等三角点,水,１８,畑ヶ平,○,20250401,世界測地系（測地成果2024）,324215.7445,1315037.1522,245.13,,,2,-32467.593,79097.290,正常,20040806,宮崎県,延岡市
TR34931067301,三等三角点,水,１３,飯塚,○,20250401,世界測地系（測地成果2024）,324342.3796,1314722.5959,613.66,,,2,-29837.948,74010.395,報告なし,19810910,宮崎県,延岡市
TR34931068101,三等三角点,水,２６,上塚,○,20250401,世界測地系（測地成果2024）,324424.5599,1314606.2380,616.70,,,2,-28553.260,72012.851,報告なし,19980830,宮崎県,延岡市
TR34931068501,三等三角点,水,３９,古江,○,20250401,世界測地系（測地成果2024）,324403.4296,1314914.2726,359.04,,,2,-29167.438,76913.091,正常,20111115,宮崎県,延岡市
TR34931068701,三等三角点,水,１９,下直海,○,20250401,世界測地系（測地成果2024）,324409.3541,1315049.6857,430.89,,,2,-28965.389,79395.742,正常,20070630,宮崎県,延岡市
TR34931132901,三等三角点,玄,２６,五様岳,○,20250401,世界測地系（測地成果2024）,324616.7523,1312917.0026,1569.52,,,2,-25253.209,45723.383,正常,20031031,宮崎県,延岡市
TR34931141801,三等三角点,加,２２,藤木山,○,20250401,世界測地系（測地成果2024）,324551.1996,1313626.7891,413.41,,,2,-25982.437,56912.613,正常,20040630,宮崎県,延岡市
TR34931150601,三等三角点,加,４３,岩窓山,○,20250401,世界測地系（測地成果2024）,324524.6721,1314241.4677,446.74,,,2,-26738.832,66669.553,報告なし,19810723,宮崎県,延岡市
TR34931156801,三等三角点,多,２９,椎葉山,○,20250401,世界測地系（測地成果2024）,324800.4882,1314347.1877,459.74,,,2,-21927.484,68347.044,正常,20031215,宮崎県,延岡市
TR34931161501,三等三角点,水,１４,中河原,○,20250401,世界測地系（測地成果2024）,324537.2003,1314900.1871,495.91,,,2,-26281.780,76524.098,正常,20111115,宮崎県,延岡市
TR34931162201,三等三角点,水,３４,三角,○,20250401,世界測地系（測地成果2024）,324627.5295,1314705.1791,408.46,,,2,-24754.090,73519.217,報告なし,19810910,宮崎県,延岡市
TR34931163001,三等三角点,加,４１,松ケ谷,○,20250401,世界測地系（測地成果2024）,324634.2265,1314506.3704,386.97,,,2,-24570.241,70425.935,正常,20121027,宮崎県,延岡市
TR34931164601,三等三角点,水,１２,大井,○,20250401,世界測地系（測地成果2024）,324712.4859,1314938.0086,393.44,,,2,-23338.966,77485.563,報告なし,19810910,宮崎県,延岡市
TR34931165201,三等三角点,水,２７,三方,○,20250401,世界測地系（測地成果2024）,324741.5337,1314643.8675,640.77,,,2,-22478.573,72947.834,正常,20031031,宮崎県,延岡市
TR34931168101,三等三角点,水,３５,桑ヶ内,○,20250401,世界測地系（測地成果2024）,324905.9559,1314606.3166,427.80,,,2,-19885.185,71951.955,報告なし,00000000,宮崎県,延岡市
TR44831559301,四等三角点,Ｋ平,１０９,船越,○,20250401,世界測地系（測地成果2024）,322959.4211,1314002.2070,93.51,,,2,-55266.109,62703.231,正常,20091021,宮崎県,延岡市
TR44831559501,四等三角点,Ｋ平,１３３,鯛名,○,20250401,世界測地系（測地成果2024）,322942.5385,1314135.2573,185.70,,,2,-55770.636,65135.491,正常,20091102,宮崎県,延岡市
TR44831559701,四等三角点,Ｋ平,１３６,谷ノ山,○,20250401,世界測地系（測地成果2024）,322943.2066,1314258.5127,250.83,,,2,-55735.696,67308.676,正常,20091102,宮崎県,延岡市
TR44831639601,四等三角点,Ｋ中,２,楠八重,○,20250401,世界測地系（測地成果2024）,323443.6034,1312728.4611,499.47,,,2,-46616.567,42990.849,報告なし,20040819,宮崎県,延岡市
TR44831639801,四等三角点,Ｋ国,３,離島,○,20250401,世界測地系（測地成果2024）,323457.7573,1312912.7565,173.80,,,2,-46168.522,45708.841,正常,20060618,宮崎県,延岡市
TR44831643901,四等三角点,Ｋ平,１２８,上迫,○,20250401,世界測地系（測地成果2024）,323137.7366,1313651.1545,200.23,,,2,-52267.754,57698.778,報告なし,19640705,宮崎県,延岡市
TR44831646203,四等三角点,Ｋ今,９,笠下黒原,○,20250401,世界測地系（測地成果2024）,323311.3192,1313159.8300,127.76,,,2,-49426.155,50082.305,報告なし,19820627,宮崎県,延岡市
TR44831646301,四等三角点,Ｋ今,１０,伊原,○,20250401,世界測地系（測地成果2024）,323303.2837,1313256.3084,129.77,,,2,-49666.178,51556.943,報告なし,19820627,宮崎県,延岡市
TR44831646901,四等三角点,Ｋ平,５２,下三輪,○,20250401,世界測地系（測地成果2024）,323314.2241,1313718.2712,188.29,,,2,-49291.621,58389.036,正常,20050929,宮崎県,延岡市
TR44831647101,四等三角点,Ｋ今,８,川水流,○,20250401,世界測地系（測地成果2024）,323347.0367,1313118.2703,75.93,,,2,-48331.353,48992.739,報告なし,19820627,宮崎県,延岡市
TR44831648301,四等三角点,Ｋ今,７,荒平公園,○,20250401,世界測地系（測地成果2024）,323408.6276,1313217.3450,142.88,,,2,-47658.636,50530.298,正常,20061021,宮崎県,延岡市
TR44831648501,四等三角点,吾,３,古江,○,20250401,世界測地系（測地成果2024）,323412.2061,1313415.8486,99.67,,,2,-47532.303,53620.588,正常,20091106,宮崎県,延岡市
TR44831648901,四等三角点,瑠,７,天下,○,20250401,世界測地系（測地成果2024）,323421.8532,1313647.1170,41.93,,,2,-47213.201,57564.316,正常,20050831,宮崎県,延岡市
TR44831649301,四等三角点,Ｋ今,５,曽木,○,20250401,世界測地系（測地成果2024）,323454.5238,1313230.3803,95.56,,,2,-46243.207,50863.094,報告なし,19820626,宮崎県,延岡市
TR44831649401,四等三角点,Ｋ今,６,荒谷,○,20250401,世界測地系（測地成果2024）,323451.4270,1313329.7275,149.44,,,2,-46330.594,52411.304,報告なし,19820626,宮崎県,延岡市
TR44831650501,四等三角点,Ｋ平,１２２,土々呂,○,20250401,世界測地系（測地成果2024）,323015.9648,1314118.2700,107.16,,,2,-54743.905,64685.404,正常,20091106,宮崎県,延岡市
TR44831651401,四等三角点,Ｋ玉,５,海咲,○,20250401,世界測地系（測地成果2024）,323053.7168,1314034.4610,64.70,,,2,-53588.378,63534.545,正常,20100723,宮崎県,延岡市
TR44831652101,四等三角点,Ｋ平,１０８,羽迫,○,20250401,世界測地系（測地成果2024）,323108.9595,1313833.7364,264.73,,,2,-53138.363,60380.986,報告なし,19640701,宮崎県,延岡市
TR44831653001,四等三角点,Ｋ平,１１８,伊形,○,20250401,世界測地系（測地成果2024）,323145.2035,1313732.9800,135.17,,,2,-52031.406,58788.858,報告なし,19640705,宮崎県,延岡市
TR44831653201,四等三角点,Ｋ平,１１９,越路,○,20250401,世界測地系（測地成果2024）,323143.4524,1313937.1817,152.29,,,2,-52065.784,62030.148,正常,20050930,宮崎県,延岡市
TR44831653401,四等三角点,Ｋ玉,４,一ヶ岡,○,20250401,世界測地系（測地成果2024）,323134.3315,1314048.9121,3.61,,,2,-52334.952,63903.711,正常,20100723,宮崎県,延岡市
TR44831655301,四等三角点,Ｋ平,５３,片田,○,20250401,世界測地系（測地成果2024）,323255.4940,1313946.8200,3.55,,,2,-49845.174,62267.843,正常,20050831,宮崎県,延岡市
TR44831656001,四等三角点,Ｋ平,５５,小野,○,20250401,世界測地系（測地成果2024）,323300.0721,1313812.0127,243.34,,,2,-49719.250,59793.604,正常,20091106,宮崎県,延岡市
TR44831656201,四等三角点,Ｋ平,５４,三須,○,20250401,世界測地系（測地成果2024）,323309.8631,1313914.0546,93.60,,,2,-49407.856,61410.319,正常,20091106,宮崎県,延岡市
TR44831656402,四等三角点,瑠,８,緑ヶ丘,○,20250401,世界測地系（測地成果2024）,323310.0572,1314100.1788,20.05,,,2,-49384.492,64178.801,正常,20050831,宮崎県,延岡市
TR44831657001,四等三角点,Ｋ平,５１,島戸山,○,20250401,世界測地系（測地成果2024）,323338.1080,1313803.1373,168.99,,,2,-48549.038,59555.081,露出,20091106,宮崎県,延岡市
TR44831658001,四等三角点,Ｋ正,２,西階,○,20250401,世界測地系（測地成果2024）,323416.0670,1313811.0521,47.21,,,2,-47378.579,59754.550,正常,20050929,宮崎県,延岡市
TR44831658101,四等三角点,Ｋ玉,３,大貫,○,20250401,世界測地系（測地成果2024）,323413.0956,1313858.5430,17.82,,,2,-47462.621,60993.773,正常,20050825,宮崎県,延岡市
TR44831658401,四等三角点,Ｋ平,５８,別府,○,20250401,世界測地系（測地成果2024）,323408.2394,1314051.0199,3.79,,,2,-47593.868,63928.406,正常,20071221,宮崎県,延岡市
TR44831730601,四等三角点,Ｋ中,１,猪原,○,20250401,世界測地系（測地成果2024）,323529.4001,1312738.3668,142.39,,,2,-45204.818,43243.078,報告なし,20040819,宮崎県,延岡市
TR44831731801,四等三角点,維,５,早日渡,○,20250401,世界測地系（測地成果2024）,323541.8919,1312911.5816,203.47,,,2,-44809.221,45671.983,正常,20061021,宮崎県,延岡市
TR44831732801,四等三角点,維,４,船迫,○,20250401,世界測地系（測地成果2024）,323626.0253,1312853.2535,147.20,,,2,-43451.990,45187.923,正常,20081016,宮崎県,延岡市
TR44831732901,四等三角点,Ｋ亮,５,尾払,○,20250401,世界測地系（測地成果2024）,323626.6762,1312931.0066,182.56,,,2,-43427.436,46172.108,正常,20090807,宮崎県,延岡市
TR44831733601,四等三角点,Ｋ総,１,椎木原,○,20250401,世界測地系（測地成果2024）,323646.8802,1312729.9128,347.73,,,2,-42819.215,43012.345,正常,20081016,宮崎県,延岡市
TR44831733701,四等三角点,Ｋ総,２,前小谷,○,20250401,世界測地系（測地成果2024）,323642.0018,1312816.0646,199.99,,,2,-42964.223,44216.175,正常,20081016,宮崎県,延岡市
TR44831734601,四等三角点,Ｋ亮,３,綱ノ瀬,○,20250401,世界測地系（測地成果2024）,323724.0270,1312723.2320,287.93,,,2,-41675.760,42833.265,正常,20090818,宮崎県,延岡市
TR44831734901,四等三角点,Ｋ亮,４,高良谷,○,20250401,世界測地系（測地成果2024）,323714.4151,1312924.6953,354.63,,,2,-41957.727,46000.782,正常,20090807,宮崎県,延岡市
TR44831735901,四等三角点,Ｋ亮,２,内の口山,○,20250401,世界測地系（測地成果2024）,323757.7285,1312948.3074,631.00,,,2,-40620.714,46610.054,正常,20090807,宮崎県,延岡市
TR44831736801,四等三角点,Ｋ亮,１,松八重,○,20250401,世界測地系（測地成果2024）,323812.8715,1312830.6025,623.90,,,2,-40163.538,44582.665,正常,20090807,宮崎県,延岡市
TR44831740001,四等三角点,Ｋ国,２,蔵田,○,20250401,世界測地系（測地成果2024）,323507.8116,1313011.4822,205.79,,,2,-45851.702,47238.856,正常,20061021,宮崎県,延岡市
TR44831740501,四等三角点,Ｋ亜,３,津船,○,20250401,世界測地系（測地成果2024）,323523.3627,1313348.1306,180.36,,,2,-45344.371,52886.033,報告なし,19900910,宮崎県,延岡市
TR44831740601,四等三角点,吾,２,椛ケ谷,○,20250401,世界測地系（測地成果2024）,323515.2855,1313439.8122,187.60,,,2,-45585.939,54235.065,正常,20020512,宮崎県,延岡市
TR44831741101,四等三角点,Ｋ今,４,長瀬,○,20250401,世界測地系（測地成果2024）,323532.1304,1313105.3984,235.78,,,2,-45095.879,48641.221,正常,20061021,宮崎県,延岡市
TR44831741201,四等三角点,Ｋ今,３,うそ越,○,20250401,世界測地系（測地成果2024）,323550.9819,1313152.6864,413.75,,,2,-44509.127,49871.394,報告なし,19820625,宮崎県,延岡市
TR44831741701,四等三角点,前,１,古野,○,20250401,世界測地系（測地成果2024）,323531.3116,1313525.2400,123.46,,,2,-45085.793,55416.959,報告なし,19880114,宮崎県,延岡市
TR44831741901,四等三角点,Ｋ平,９６,内山,○,20250401,世界測地系（測地成果2024）,323532.3769,1313652.4917,228.45,,,2,-45040.093,57691.949,正常,20091106,宮崎県,延岡市
TR44831742001,四等三角点,Ｋ国,１,木落,○,20250401,世界測地系（測地成果2024）,323608.9594,1313019.2246,442.25,,,2,-43967.257,47431.812,正常,20060618,宮崎県,延岡市
TR44831742101,四等三角点,Ｋ今,１,藤ノ木,○,20250401,世界測地系（測地成果2024）,323625.2821,1313110.9344,154.26,,,2,-43457.982,48777.576,正常,20060726,宮崎県,延岡市
TR44831742301,四等三角点,Ｋ今,２,板ヶ平,○,20250401,世界測地系（測地成果2024）,323612.1613,1313231.7527,342.55,,,2,-43851.611,50886.696,報告なし,19820625,宮崎県,延岡市
TR44831742601,四等三角点,吾,１,中原,○,20250401,世界測地系（測地成果2024）,323608.6727,1313434.2114,275.69,,,2,-43942.279,54080.103,報告なし,19871204,宮崎県,延岡市
TR44831743801,四等三角点,Ｋ平,８２,岡富山,○,20250401,世界測地系（測地成果2024）,323640.2549,1313632.9613,214.40,,,2,-42952.211,57170.697,報告なし,00000000,宮崎県,延岡市
TR44831746901,四等三角点,Ｋ平,１０３,茶山,○,20250401,世界測地系（測地成果2024）,323816.5715,1313647.9878,411.15,,,2,-39983.156,57545.323,報告なし,00000000,宮崎県,延岡市
TR44831749901,四等三角点,Ｋ平,８６,金炭,○,20250401,世界測地系（測地成果2024）,323936.3767,1313647.4262,356.63,,,2,-37525.023,57516.493,報告なし,00000000,宮崎県,延岡市
TR44831750101,四等三角点,Ｋ玉,２,松山,○,20250401,世界測地系（測地成果2024）,323507.8589,1313826.5618,6.75,,,2,-45780.834,60149.470,正常,20080116,宮崎県,延岡市
TR44831750401,四等三角点,Ｋ正,１,昭和,○,20250401,世界測地系（測地成果2024）,323519.6446,1314108.1830,6.27,,,2,-45391.528,64361.895,正常,20050928,宮崎県,延岡市
TR44831750601,四等三角点,瑠,６,方財,○,20250401,世界測地系（測地成果2024）,323515.1746,1314225.1667,18.73,,,2,-45516.077,66370.330,正常,20050831,宮崎県,延岡市
TR44831751302,四等三角点,Ｋ玉,１,あさひ台,○,20250401,世界測地系（測地成果2024）,323532.7091,1314001.2840,41.02,,,2,-45000.201,62614.839,正常,20050827,宮崎県,延岡市
TR44831752001,四等三角点,Ｋ平,８３,高平山,○,20250401,世界測地系（測地成果2024）,323605.4648,1313735.2375,406.64,,,2,-44014.398,58800.585,正常,20050928,宮崎県,延岡市
TR44831752201,四等三角点,Ｋ平,９１,柚木,○,20250401,世界測地系（測地成果2024）,323600.1379,1313900.2765,138.88,,,2,-44165.175,61018.839,正常,20050929,宮崎県,延岡市
TR44831752402,四等三角点,瑠,５,稲葉崎,○,20250401,世界測地系（測地成果2024）,323629.0362,1314043.0719,23.26,,,2,-43258.284,63693.431,正常,20050831,宮崎県,延岡市
TR44831752501,四等三角点,Ｋ平,６３,大武島,○,20250401,世界測地系（測地成果2024）,323601.1925,1314152.6016,4.18,,,2,-44104.211,65511.811,正常,20050928,宮崎県,延岡市
TR44831752601,四等三角点,Ｋ平,６２,水尻,○,20250401,世界測地系（測地成果2024）,323615.5111,1314241.6261,202.04,,,2,-43654.686,66787.116,正常,20091106,宮崎県,延岡市
TR44831753301,四等三角点,Ｋ平,６０,夏田山,○,20250401,世界測地系（測地成果2024）,323635.1949,1313958.8348,137.26,,,2,-43075.875,62538.913,正常,20050928,宮崎県,延岡市
TR44831753801,四等三角点,Ｋ平,７２,追内,○,20250401,世界測地系（測地成果2024）,323650.3298,1314331.3669,123.12,,,2,-42573.408,68076.677,正常,20020512,宮崎県,延岡市
TR44831753901,四等三角点,Ｋ平,６７,神戸山,○,20250401,世界測地系（測地成果2024）,323634.5324,1314436.4571,209.61,,,2,-43048.290,69776.980,報告なし,00000000,宮崎県,延岡市
TR44831754001,四等三角点,Ｋ平,１０５,狩瀬,○,20250401,世界測地系（測地成果2024）,323700.9384,1313730.7963,93.02,,,2,-42306.352,58674.738,報告なし,00000000,宮崎県,延岡市
TR44831754301,四等三角点,Ｋ平,９５,小梓,○,20250401,世界測地系（測地成果2024）,323726.2946,1314006.2909,280.48,,,2,-41500.646,62723.402,正常,20050928,宮崎県,延岡市
TR44831754601,四等三角点,Ｋ平,７１,逢瀬,○,20250401,世界測地系（測地成果2024）,323700.9875,1314228.7684,120.97,,,2,-42256.124,66442.552,正常,20091106,宮崎県,延岡市
TR44831754801,四等三角点,Ｋ平,７３,石伸,○,20250401,世界測地系（測地成果2024）,323725.4482,1314405.7494,257.03,,,2,-41485.503,68965.548,報告なし,00000000,宮崎県,延岡市
TR44831754901,四等三角点,Ｋ平,７５,山の神,○,20250401,世界測地系（測地成果2024）,323716.2552,1314442.8367,222.14,,,2,-41761.941,69934.294,報告なし,20010111,宮崎県,延岡市
TR44831755001,四等三角点,Ｋ平,９３,向水流,○,20250401,世界測地系（測地成果2024）,323730.9334,1313807.2319,236.16,,,2,-41376.795,59619.050,報告なし,00000000,宮崎県,延岡市
TR44831755201,四等三角点,Ｋ平,８１,長尾山,○,20250401,世界測地系（測地成果2024）,323742.8107,1313927.9045,382.14,,,2,-40998.147,61719.638,正常,20020512,宮崎県,延岡市
TR44831755401,四等三角点,Ｋ平,１０４,田上山,○,20250401,世界測地系（測地成果2024）,323734.4456,1314105.3085,74.57,,,2,-41239.776,64260.193,正常,20091106,宮崎県,延岡市
TR44831755601,四等三角点,Ｋ平,９４,十郎,○,20250401,世界測地系（測地成果2024）,323737.1603,1314202.3663,119.90,,,2,-41146.460,65746.929,正常,20091106,宮崎県,延岡市
TR44831755902,四等三角点,Ｋ共,２,甫場,○,20250401,世界測地系（測地成果2024）,323754.3202,1314455.8159,175.70,,,2,-40587.048,70264.372,報告なし,20001003,宮崎県,延岡市
TR44831756101,四等三角点,Ｋ平,９２,大峡山,○,20250401,世界測地系（測地成果2024）,323825.0869,1313856.8295,309.35,,,2,-39700.905,60901.695,報告なし,00000000,宮崎県,延岡市
TR44831756501,四等三角点,Ｋ平,９０,三足,○,20250401,世界測地系（測地成果2024）,323809.8180,1314127.6079,60.14,,,2,-40146.443,64834.370,正常,20091106,宮崎県,延岡市
TR44831756601,四等三角点,Ｋ平,８０,長井,○,20250401,世界測地系（測地成果2024）,323811.3823,1314242.0888,324.38,,,2,-40085.442,66775.280,正常,20020512,宮崎県,延岡市
TR44831756801,四等三角点,Ｋ平,７４,折川内,○,20250401,世界測地系（測地成果2024）,323823.0783,1314413.9754,175.21,,,2,-39708.839,69167.659,報告なし,19931110,宮崎県,延岡市
TR44831756802,四等三角点,査,１,長谷,○,20250401,世界測地系（測地成果2024）,323822.3835,1314338.9531,229.22,,,2,-39736.534,68255.037,報告なし,19930627,宮崎県,延岡市
TR44831757301,四等三角点,Ｋ平,１０２,差木野,○,20250401,世界測地系（測地成果2024）,323837.6317,1313958.0058,366.63,,,2,-39304.619,62493.658,報告なし,19640708,宮崎県,延岡市
TR44831757401,四等三角点,Ｋ平,８９,俵野,○,20250401,世界測地系（測地成果2024）,323857.3931,1314046.8337,197.10,,,2,-38687.849,63762.276,報告なし,00000000,宮崎県,延岡市
TR44831757901,四等三角点,Ｋ平,１００,浦城,○,20250401,世界測地系（測地成果2024）,323856.5611,1314440.3337,80.39,,,2,-38672.675,69847.393,報告なし,00000000,宮崎県,延岡市
TR44831758601,四等三角点,Ｋ平,９９,小平方,○,20250401,世界測地系（測地成果2024）,323905.9609,1314213.4394,205.21,,,2,-38409.236,66017.440,正常,20091106,宮崎県,延岡市
TR44831758701,四等三角点,Ｋ平,８８,柿ノ尻,○,20250401,世界測地系（測地成果2024）,323917.7807,1314255.2935,119.93,,,2,-38037.862,67105.663,正常,20031125,宮崎県,延岡市
TR44831759001,四等三角点,Ｋ平,７８,小中尾,○,20250401,世界測地系（測地成果2024）,323942.4218,1313808.4176,440.96,,,2,-37326.405,59625.718,報告なし,00000000,宮崎県,延岡市
TR44831759301,四等三角点,Ｋ平,１０６,二本杉,○,20250401,世界測地系（測地成果2024）,323933.1322,1314013.6477,585.44,,,2,-37592.479,62890.511,報告なし,00000000,宮崎県,延岡市
TR44831759501,四等三角点,Ｋ平,７７,狐窪,○,20250401,世界測地系（測地成果2024）,323950.3341,1314128.5834,201.79,,,2,-37050.087,64839.640,正常,20031125,宮崎県,延岡市
TR44831759801,四等三角点,Ｋ平,８５,広野山,○,20250401,世界測地系（測地成果2024）,323958.4901,1314343.0124,211.20,,,2,-36775.432,68340.519,報告なし,20001003,宮崎県,延岡市
TR44831764001,四等三角点,Ｋ平,６８,安井山,○,20250401,世界測地系（測地成果2024）,323704.2706,1314516.4822,167.56,,,2,-42124.914,70813.984,報告なし,00000000,宮崎県,延岡市
TR44831765101,四等三角点,Ｋ平,７０,磯の松山,○,20250401,世界測地系（測地成果2024）,323748.5242,1314555.2528,119.01,,,2,-40754.543,71814.874,報告なし,20001003,宮崎県,延岡市
TR44831767001,四等三角点,Ｋ平,１０７,片角,○,20250401,世界測地系（測地成果2024）,323857.2832,1314537.0557,150.96,,,2,-38639.959,71325.400,正常,20031031,宮崎県,延岡市
TR44831768101,四等三角点,Ｋ平,８７,魚見山,○,20250401,世界測地系（測地成果2024）,323926.3890,1314609.9904,60.49,,,2,-37737.226,72177.176,正常,20060811,宮崎県,延岡市
TR44831769001,四等三角点,Ｋ平,７９,仲畑,○,20250401,世界測地系（測地成果2024）,323934.6065,1314503.9891,267.18,,,2,-37496.417,70455.559,報告なし,19640705,宮崎県,延岡市
TR44931033801,四等三角点,Ｋ幸,４,村山,○,20250401,世界測地系（測地成果2024）,324138.9931,1312848.3858,895.94,,,2,-33812.389,45017.433,報告なし,19890921,宮崎県,延岡市
TR44931034901,四等三角点,Ｋ幸,３,高畑,○,20250401,世界測地系（測地成果2024）,324210.3061,1312917.5486,703.79,,,2,-32844.398,45772.573,報告なし,19890921,宮崎県,延岡市
TR44931035801,四等三角点,Ｋ天,３,杉原,○,20250401,世界測地系（測地成果2024）,324255.0006,1312851.7099,863.43,,,2,-31470.760,45093.392,報告なし,19890921,宮崎県,延岡市
TR44931042901,四等三角点,Ｋ昭,１０,入道石,○,20250401,世界測地系（測地成果2024）,324122.9607,1313706.5380,209.58,,,2,-34239.041,57995.343,報告なし,20011220,宮崎県,延岡市
TR44931044001,四等三角点,Ｋ幸,２,今村,○,20250401,世界測地系（測地成果2024）,324214.7234,1313030.1916,868.48,,,2,-32699.443,47663.813,報告なし,19890921,宮崎県,延岡市
TR44931044801,四等三角点,Ｋ昭,９,鹿無ヶ内山,○,20250401,世界測地系（測地成果2024）,324213.7910,1313639.9123,282.09,,,2,-32677.339,57292.781,報告なし,20011220,宮崎県,延岡市
TR44931046101,四等三角点,Ｋ幸,１,鹿川越,○,20250401,世界測地系（測地成果2024）,324304.0588,1313045.1236,993.91,,,2,-31177.902,48045.346,報告なし,19890921,宮崎県,延岡市
TR44931046801,四等三角点,Ｋ昭,８,大鹿倉山,○,20250401,世界測地系（測地成果2024）,324309.5061,1313626.8483,652.57,,,2,-30963.099,56942.716,報告なし,20011220,宮崎県,延岡市
TR44931049601,四等三角点,Ｋ総,２,相海山,○,20250401,世界測地系（測地成果2024）,324430.3571,1313508.0581,1032.78,,,2,-28484.186,54877.328,正常,20060809,宮崎県,延岡市
TR44931049801,四等三角点,Ｋ中,３,二ツ滝山,○,20250401,世界測地系（測地成果2024）,324450.1787,1313627.0959,323.46,,,2,-27862.032,56931.383,報告なし,20040818,宮崎県,延岡市
TR44931049901,四等三角点,Ｋ昭,４,龍子山,○,20250401,世界測地系（測地成果2024）,324431.7422,1313717.2757,310.67,,,2,-28422.357,58240.944,正常,20040630,宮崎県,延岡市
TR44931050201,四等三角点,Ｋ平,９７,仲ノ内,○,20250401,世界測地系（測地成果2024）,324023.8436,1313904.9845,543.21,,,2,-36041.558,61091.790,報告なし,19640713,宮崎県,延岡市
TR44931050301,四等三角点,Ｋ平,８４,板ケ内,○,20250401,世界測地系（測地成果2024）,324019.1759,1314009.6648,410.12,,,2,-36174.852,62777.786,報告なし,19640713,宮崎県,延岡市
TR44931050501,四等三角点,Ｋ九,８,日の谷,○,20250401,世界測地系（測地成果2024）,324025.6628,1314129.3546,120.56,,,2,-35961.725,64852.645,正常,20041126,宮崎県,延岡市
TR44931050901,四等三角点,Ｋ共,１,浦尻,○,20250401,世界測地系（測地成果2024）,324009.2831,1314428.9706,197.86,,,2,-36434.682,69535.630,報告なし,20001003,宮崎県,延岡市
TR44931051701,四等三角点,Ｋ平,１０１,大内門,○,20250401,世界測地系（測地成果2024）,324031.4891,1314252.1288,125.94,,,2,-35767.973,67007.915,正常,20031125,宮崎県,延岡市
TR44931051801,四等三角点,Ｋ平,７６,伊勢戸,○,20250401,世界測地系（測地成果2024）,324039.7853,1314400.7502,187.71,,,2,-35500.227,68793.882,正常,20041126,宮崎県,延岡市
TR44931051901,四等三角点,Ｋ正,４,家田,○,20250401,世界測地系（測地成果2024）,324059.1925,1314419.8507,286.53,,,2,-34898.970,69287.316,報告なし,19941031,宮崎県,延岡市
TR44931052001,四等三角点,Ｋ九,６,長谷ケ内,○,20250401,世界測地系（測地成果2024）,324129.5725,1313807.9598,617.44,,,2,-34025.922,59594.023,報告なし,20011220,宮崎県,延岡市
TR44931052301,四等三角点,Ｋ九,７,森谷,○,20250401,世界測地系（測地成果2024）,324102.0897,1313947.7282,458.39,,,2,-34856.567,62198.010,報告なし,19850624,宮崎県,延岡市
TR44931052601,四等三角点,Ｋ甲,１５,川坂,○,20250401,世界測地系（測地成果2024）,324102.1444,1314220.5336,251.33,,,2,-34829.202,66178.514,正常,20031125,宮崎県,延岡市
TR44931053401,四等三角点,Ｋ甲,１４,小木口,○,20250401,世界測地系（測地成果2024）,324157.7235,1314040.0402,237.74,,,2,-33134.261,63549.764,報告なし,19810714,宮崎県,延岡市
TR44931053501,四等三角点,群,３,サイレン山,○,20250401,世界測地系（測地成果2024）,324131.1309,1314139.0284,108.17,,,2,-33943.460,65091.477,正常,20030613,宮崎県,延岡市
TR44931053601,四等三角点,Ｋ甲,１３,市ヶ迫,○,20250401,世界測地系（測地成果2024）,324159.6526,1314240.3336,342.15,,,2,-33054.321,66682.419,報告なし,19810715,宮崎県,延岡市
TR44931053801,四等三角点,Ｋ正,１,水無山,○,20250401,世界測地系（測地成果2024）,324149.9984,1314406.7533,310.86,,,2,-33336.353,68935.283,報告なし,19941031,宮崎県,延岡市
TR44931053901,四等三角点,Ｋ正,２,風呂ヶ迫,○,20250401,世界測地系（測地成果2024）,324130.9166,1314449.1357,326.34,,,2,-33916.422,70043.308,報告なし,19970820,宮崎県,延岡市
TR44931054101,四等三角点,Ｋ九,４,滝下山,○,20250401,世界測地系（測地成果2024）,324216.7826,1313853.8079,335.26,,,2,-32564.480,60779.351,報告なし,19850624,宮崎県,延岡市
TR44931054201,四等三角点,Ｋ九,５,木口山,○,20250401,世界測地系（測地成果2024）,324211.2865,1313943.4439,426.25,,,2,-32725.790,62073.102,報告なし,19850623,宮崎県,延岡市
TR44931055301,四等三角点,群,１,長原山,○,20250401,世界測地系（測地成果2024）,324244.2399,1313951.2931,218.51,,,2,-31709.443,62271.167,報告なし,19840712,宮崎県,延岡市
TR44931055401,四等三角点,群,２,屋形原,○,20250401,世界測地系（測地成果2024）,324233.2781,1314039.0879,175.11,,,2,-32039.226,63517.963,正常,20030613,宮崎県,延岡市
TR44931055601,四等三角点,Ｋ甲,１１,足久,○,20250401,世界測地系（測地成果2024）,324250.3092,1314236.9550,241.57,,,2,-31494.523,66583.971,正常,20030613,宮崎県,延岡市
TR44931055801,四等三角点,Ｋ甲,１２,田ノ原,○,20250401,世界測地系（測地成果2024）,324232.6365,1314345.2321,381.00,,,2,-32026.829,68365.714,報告なし,19810711,宮崎県,延岡市
TR44931055901,四等三角点,維,１４,黒猪,○,20250401,世界測地系（測地成果2024）,324234.8829,1314443.9049,512.23,,,2,-31947.006,69893.207,報告なし,19970820,宮崎県,延岡市
TR44931056001,四等三角点,Ｋ昭,７,椎葉谷山,○,20250401,世界測地系（測地成果2024）,324326.0836,1313741.8522,487.29,,,2,-30441.075,58892.724,報告なし,20011220,宮崎県,延岡市
TR44931056501,四等三角点,Ｋ甲,１０,深瀬,○,20250401,世界測地系（測地成果2024）,324316.5727,1314130.2682,427.52,,,2,-30697.005,64842.109,報告なし,19810714,宮崎県,延岡市
TR44931057201,四等三角点,Ｋ昭,６,河原ヶ内山,○,20250401,世界測地系（測地成果2024）,324356.0944,1313929.7391,234.04,,,2,-29499.597,61696.127,正常,20120823,宮崎県,延岡市
TR44931057301,四等三角点,Ｋ九,３,木和田山,○,20250401,世界測地系（測地成果2024）,324332.4338,1314025.9852,332.68,,,2,-30219.215,63165.156,正常,20031031,宮崎県,延岡市
TR44931057701,四等三角点,Ｋ九,２,石原山,○,20250401,世界測地系（測地成果2024）,324348.4494,1314301.3507,186.60,,,2,-29699.333,67207.141,報告なし,19850622,宮崎県,延岡市
TR44931057801,四等三角点,Ｋ甲,９,西ノ脇,○,20250401,世界測地系（測地成果2024）,324330.9688,1314342.5728,218.00,,,2,-30230.474,68284.111,正常,20120823,宮崎県,延岡市
TR44931058101,四等三角点,Ｋ昭,５,杖突山,○,20250401,世界測地系（測地成果2024）,324403.7846,1313827.3807,196.83,,,2,-29272.667,60071.164,報告なし,20011220,宮崎県,延岡市
TR44931058501,四等三角点,Ｋ九,１,惣下,○,20250401,世界測地系（測地成果2024）,324401.8422,1314122.2029,442.57,,,2,-29303.923,64623.026,報告なし,19850622,宮崎県,延岡市
TR44931058701,四等三角点,Ｋ甲,７,尾平,○,20250401,世界測地系（測地成果2024）,324427.6876,1314316.5885,328.91,,,2,-28487.969,67595.647,報告なし,19810708,宮崎県,延岡市
TR44931058901,四等三角点,Ｋ甲,８,小橋,○,20250401,世界測地系（測地成果2024）,324414.2675,1314441.5397,373.52,,,2,-28886.051,69810.096,報告なし,19810711,宮崎県,延岡市
TR44931059101,四等三角点,Ｋ昭,３,清蔵ヶ内山,○,20250401,世界測地系（測地成果2024）,324438.4736,1313841.5640,425.60,,,2,-28201.894,60433.921,報告なし,20011220,宮崎県,延岡市
TR44931059501,四等三角点,Ｋ甲,６,桑ヶ内,○,20250401,世界測地系（測地成果2024）,324439.3935,1314139.2492,446.13,,,2,-28144.318,65059.248,報告なし,19980830,宮崎県,延岡市
TR44931060101,四等三角点,Ｋ平,９８,塔ノ内,○,20250401,世界測地系（測地成果2024）,324025.4425,1314611.2497,185.50,,,2,-35917.950,72196.799,報告なし,19640701,宮崎県,延岡市
TR44931061201,四等三角点,前,３,中学校,○,20250401,世界測地系（測地成果2024）,324036.9466,1314659.8638,2.66,,,2,-35554.318,73460.714,不明,19990205,宮崎県,延岡市
TR44931062001,四等三角点,Ｋ正,３,須美江,○,20250401,世界測地系（測地成果2024）,324113.2013,1314540.5610,268.18,,,2,-34452.589,71386.720,報告なし,19941031,宮崎県,延岡市
TR44931062101,四等三角点,Ｋ亜,２,中村,○,20250401,世界測地系（測地成果2024）,324122.5439,1314627.7987,173.99,,,2,-34155.900,72615.108,報告なし,19941031,宮崎県,延岡市
TR44931062201,四等三角点,前,２,熊野江,○,20250401,世界測地系（測地成果2024）,324104.4262,1314711.6937,4.22,,,2,-34705.574,73762.630,正常,20031031,宮崎県,延岡市
TR44931062501,四等三角点,頼,２,阿蘇東谷,○,20250401,世界測地系（測地成果2024）,324129.9137,1314845.6165,127.97,,,2,-33902.030,76203.273,正常,20040806,宮崎県,延岡市
TR44931063201,四等三角点,前,１,別府,○,20250401,世界測地系（測地成果2024）,324137.1451,1314703.5192,70.53,,,2,-33699.297,73542.236,報告なし,19900910,宮崎県,延岡市
TR44931064401,四等三角点,頼,１,鶴山,○,20250401,世界測地系（測地成果2024）,324203.2654,1314829.5074,222.45,,,2,-32877.887,75775.840,報告なし,19790719,宮崎県,延岡市
TR44931065201,四等三角点,Ｋ亜,１,黒岩峠,○,20250401,世界測地系（測地成果2024）,324238.3951,1314638.3420,512.12,,,2,-31817.415,72872.616,報告なし,19980830,宮崎県,延岡市
TR44931065301,四等三角点,朝,１,蝉谷,○,20250401,世界測地系（測地成果2024）,324258.7717,1314755.4431,399.21,,,2,-31174.819,74875.757,正常,20031031,宮崎県,延岡市
TR44931065501,四等三角点,朝,２,役場,○,20250401,世界測地系（測地成果2024）,324234.6746,1314917.3933,23.70,,,2,-31900.788,77015.531,正常,20040806,宮崎県,延岡市
TR44931066101,四等三角点,Ｋ洋,１,惣別当,○,20250401,世界測地系（測地成果2024）,324327.5042,1314556.1393,141.97,,,2,-30312.681,71762.647,報告なし,19980830,宮崎県,延岡市
TR44931066501,四等三角点,Ｋ応,１４,中野内,○,20250401,世界測地系（測地成果2024）,324312.4483,1314855.4909,234.50,,,2,-30741.624,76436.189,報告なし,19810911,宮崎県,延岡市
TR44931066601,四等三角点,Ｋ応,１６,市振,○,20250401,世界測地系（測地成果2024）,324302.8482,1314951.7360,161.17,,,2,-31025.967,77903.096,正常,20040806,宮崎県,延岡市
TR44931066801,四等三角点,Ｋ応,１５,展望台,○,20250401,世界測地系（測地成果2024）,324311.5782,1315143.1986,187.21,,,2,-30733.870,80803.421,報告なし,19810911,宮崎県,延岡市
TR44931067401,四等三角点,Ｋ応,１３,本村,○,20250401,世界測地系（測地成果2024）,324333.4212,1314816.2090,571.29,,,2,-30103.400,75408.409,報告なし,19810911,宮崎県,延岡市
TR44931067701,四等三角点,Ｋ応,１１,地下２,○,20250401,世界測地系（測地成果2024）,324336.8653,1315022.1892,321.97,,,2,-29971.865,78687.803,報告なし,19810911,宮崎県,延岡市
TR44931067801,四等三角点,Ｋ応,１２,直海,○,20250401,世界測地系（測地成果2024）,324341.0033,1315116.4245,208.77,,,2,-29833.111,80098.927,報告なし,19810911,宮崎県,延岡市
TR44931068301,四等三角点,Ｋ応,１０,歌糸,○,20250401,世界測地系（測地成果2024）,324418.4843,1314724.4893,443.72,,,2,-28725.425,74051.399,報告なし,19810911,宮崎県,延岡市
TR44931069001,四等三角点,瑠,１,市ノ内山,○,20250401,世界測地系（測地成果2024）,324445.8570,1314506.8245,510.78,,,2,-27908.332,70461.459,正常,20031031,宮崎県,延岡市
TR44931069201,四等三角点,Ｋ応,９,内谷,○,20250401,世界測地系（測地成果2024）,324449.7924,1314648.6365,511.68,,,2,-27767.939,73110.906,報告なし,19810911,宮崎県,延岡市
TR44931069401,四等三角点,群,２,池田,○,20250401,世界測地系（測地成果2024）,324441.0905,1314815.1432,220.28,,,2,-28019.147,75364.836,正常,20111115,宮崎県,延岡市
TR44931069501,四等三角点,Ｋ応,８,蓬原,○,20250401,世界測地系（測地成果2024）,324456.6382,1314923.5812,281.24,,,2,-27526.532,77142.706,正常,20111115,宮崎県,延岡市
TR44931069502,四等三角点,Ｋ干,２,竹ノ水流,○,20250401,世界測地系（測地成果2024）,324439.1913,1314855.7805,186.35,,,2,-28069.561,76423.165,正常,20111024,宮崎県,延岡市
TR44931069601,四等三角点,群,３,橋ケ谷,○,20250401,世界測地系（測地成果2024）,324433.8780,1315005.2513,295.06,,,2,-28219.143,78232.946,正常,20111115,宮崎県,延岡市
TR44931140701,四等三角点,Ｋ中,２,井手ノ谷山,○,20250401,世界測地系（測地成果2024）,324513.8524,1313530.5048,768.62,,,2,-27141.148,55454.184,報告なし,20040818,宮崎県,延岡市
TR44931141701,四等三角点,Ｋ総,１,北ノ平山,○,20250401,世界測地系（測地成果2024）,324545.3166,1313516.6391,570.08,,,2,-26173.961,55087.892,正常,20060809,宮崎県,延岡市
TR44931142901,四等三角点,Ｋ中,１,飛瀬山,○,20250401,世界測地系（測地成果2024）,324615.6442,1313721.9139,279.09,,,2,-25221.127,58342.866,報告なし,20040818,宮崎県,延岡市
TR44931150001,四等三角点,Ｋ昭,１,躑躅谷山,○,20250401,世界測地系（測地成果2024）,324528.7470,1313806.8866,373.17,,,2,-26658.761,59521.910,正常,20040630,宮崎県,延岡市
TR44931150301,四等三角点,Ｋ昭,２,畑葉山,○,20250401,世界測地系（測地成果2024）,324508.7566,1314018.3072,639.42,,,2,-27253.423,62946.426,正常,20031031,宮崎県,延岡市
TR44931150501,四等三角点,Ｋ洋,３,十亀山,○,20250401,世界測地系（測地成果2024）,324519.1543,1314115.3027,560.84,,,2,-26923.616,64427.920,報告なし,20011220,宮崎県,延岡市
TR44931150801,四等三角点,Ｋ甲,５,松瀬,○,20250401,世界測地系（測地成果2024）,324526.9149,1314334.8768,222.10,,,2,-26660.307,68059.236,報告なし,19810627,宮崎県,延岡市
TR44931152501,四等三角点,Ｋ洋,１,鐙,○,20250401,世界測地系（測地成果2024）,324604.9832,1314159.5881,179.27,,,2,-25504.374,65571.285,正常,20031216,宮崎県,延岡市
TR44931152701,四等三角点,Ｋ甲,４,池ノ原,○,20250401,世界測地系（測地成果2024）,324615.6258,1314303.8315,415.19,,,2,-25165.348,67241.007,報告なし,19810709,宮崎県,延岡市
TR44931152901,四等三角点,Ｋ洋,２,抱石,○,20250401,世界測地系（測地成果2024）,324605.3631,1314427.6847,191.99,,,2,-25466.440,69425.446,正常,20121026,宮崎県,延岡市
TR44931153801,四等三角点,Ｋ甲,３,下塚,○,20250401,世界測地系（測地成果2024）,324645.1097,1314359.2952,325.81,,,2,-24247.243,68678.122,正常,20121027,宮崎県,延岡市
TR44931154701,四等三角点,Ｋ甲,２,松葉,○,20250401,世界測地系（測地成果2024）,324707.9991,1314254.2697,361.20,,,2,-23553.745,66981.267,正常,20031216,宮崎県,延岡市
TR44931154801,四等三角点,Ｋ場,２,船ケ内山,○,20250401,世界測地系（測地成果2024）,324719.8064,1314349.3904,206.99,,,2,-23180.240,68413.002,正常,20120930,宮崎県,延岡市
TR44931160301,四等三角点,群,１,日知屋,○,20250401,世界測地系（測地成果2024）,324522.3644,1314727.8332,365.37,,,2,-26757.032,74123.757,正常,20111115,宮崎県,延岡市
TR44931160401,四等三角点,Ｋ干,１,黒沢,○,20250401,世界測地系（測地成果2024）,324523.7600,1314823.8652,279.80,,,2,-26703.039,75581.877,正常,20111024,宮崎県,延岡市
TR44931160601,四等三角点,Ｋ応,７,土々呂,○,20250401,世界測地系（測地成果2024）,324523.3650,1315003.1464,484.74,,,2,-26695.184,78166.142,報告なし,19810909,宮崎県,延岡市
TR44931161101,四等三角点,Ｋ応,４,走水,○,20250401,世界測地系（測地成果2024）,324552.3023,1314624.8172,173.82,,,2,-25846.952,72476.789,報告なし,19810912,宮崎県,延岡市
TR44931161102,四等三角点,Ｋ応,６,下塚,○,20250401,世界測地系（測地成果2024）,324530.6095,1314546.1568,323.09,,,2,-26522.472,71475.415,報告なし,19810911,宮崎県,延岡市
TR44931161301,四等三角点,Ｋ応,５,仏の越,○,20250401,世界測地系（測地成果2024）,324548.1250,1314759.3039,221.79,,,2,-25957.355,74936.908,報告なし,19810912,宮崎県,延岡市
TR44931162401,四等三角点,頼,３,丸山,○,20250401,世界測地系（測地成果2024）,324622.3125,1314840.4991,177.00,,,2,-24896.090,76001.015,報告なし,19790727,宮崎県,延岡市
TR44931162601,四等三角点,頼,４,赤木,○,20250401,世界測地系（測地成果2024）,324602.5284,1314934.6734,354.96,,,2,-25494.611,77415.607,報告なし,19790724,宮崎県,延岡市
TR44931162701,四等三角点,Ｋ応,３,市尾内,○,20250401,世界測地系（測地成果2024）,324600.9948,1315047.5500,383.59,,,2,-25526.865,79312.649,報告なし,19810912,宮崎県,延岡市
TR44931163101,四等三角点,Ｋ応,２,小長谷,○,20250401,世界測地系（測地成果2024）,324637.0976,1314603.5640,404.17,,,2,-24471.116,71913.638,報告なし,19810912,宮崎県,延岡市
TR44931163401,四等三角点,頼,２,奥川内,○,20250401,世界測地系（測地成果2024）,324644.1513,1314807.0788,252.00,,,2,-24229.999,75126.187,報告なし,19790724,宮崎県,延岡市
TR44931164001,四等三角点,Ｋ場,１,波帰ノ内山,○,20250401,世界測地系（測地成果2024）,324725.5598,1314515.5747,562.62,,,2,-22987.279,70654.185,正常,20121001,宮崎県,延岡市
TR44931164501,四等三角点,頼,１,笛ノ水流,○,20250401,世界測地系（測地成果2024）,324719.1488,1314851.6321,253.44,,,2,-23143.084,76277.267,報告なし,19790727,宮崎県,延岡市
TR44931164701,四等三角点,Ｋ福,６,樋掛,○,20250401,世界測地系（測地成果2024）,324711.4754,1315058.1075,381.09,,,2,-23353.579,79569.988,報告なし,20020926,宮崎県,延岡市
TR44931165301,四等三角点,Ｋ応,１,小原,○,20250401,世界測地系（測地成果2024）,324731.4611,1314734.0536,496.61,,,2,-22779.149,74255.878,報告なし,19810911,宮崎県,延岡市
TR44931165601,四等三角点,Ｋ福,５,椎木谷,○,20250401,世界測地系（測地成果2024）,324736.0128,1315009.5216,442.78,,,2,-22607.797,78299.804,報告なし,20020926,宮崎県,延岡市
TR44931166401,四等三角点,Ｋ航,４,白樫窪,○,20250401,世界測地系（測地成果2024）,324818.0953,1314825.0177,443.05,,,2,-21332.603,75570.923,報告なし,20000125,宮崎県,延岡市
TR44931167301,四等三角点,Ｋ航,３,勘掛,○,20250401,世界測地系（測地成果2024）,324842.1549,1314720.6379,510.75,,,2,-20604.110,73890.576,報告なし,20000125,宮崎県,延岡市
TR44931167401,四等三角点,Ｋ航,２,荒内,○,20250401,世界測地系（測地成果2024）,324854.6585,1314827.9453,495.11,,,2,-20205.727,75638.479,報告なし,20000125,宮崎県,延岡市
TR44931167601,四等三角点,Ｋ福,３,木内山,○,20250401,世界測地系（測地成果2024）,324838.2360,1314946.0148,436.44,,,2,-20695.883,77673.169,報告なし,20020926,宮崎県,延岡市
TR44931167701,四等三角点,Ｋ福,４,三川内,○,20250401,世界測地系（測地成果2024）,324836.1308,1315042.6406,552.07,,,2,-20749.065,79146.700,報告なし,20020926,宮崎県,延岡市
TR44931167801,四等三角点,Ｋ福,２,塩見山,○,20250401,世界測地系（測地成果2024）,324840.7907,1315134.7442,554.43,,,2,-20594.594,80500.920,報告なし,20020926,宮崎県,延岡市
TR44931168601,四等三角点,Ｋ福,１,木和田,○,20250401,世界測地系（測地成果2024）,324912.8553,1315001.3149,572.12,,,2,-19626.333,78062.762,報告なし,20020926,宮崎県,延岡市
TR44931169501,四等三角点,Ｋ航,１,祝楠,○,20250401,世界測地系（測地成果2024）,324941.0052,1314855.3407,604.70,,,2,-18772.586,76340.066,正常,20031031,宮崎県,延岡市
